"<ID|readonly|noverify>";"<English>";"<French>";"<Italian>";"<German>";"<Spanish>";"<Russian>";"<Polish>";"<Czech>";"<Turkish>";"<Chinese>";"<Japanese>";"<Portuguese>";"<Ukrainian>";"<Serbian>";"<Hungarian>";"<Korean>";"<Belarusian>";"<Romanian>";"<TChinese>";"<HChinese>";"<Vietnamese>";"<Comments>";"<max_chars>"
"activityFeed/purchase_unit";"{player} has purchased a {unitName} of rank {rank} ({country}).";"{player} a acheté {unitName} de {rank} rang ({country}).";"{player} ha acquistato {unitName} dell'era {rank} ({country}).";"{player} erwarb {unitName} des Rangs {rank} ({country}).";"{player} ha comprado {unitName} de era {rank} ({country}).";"{player} приобрёл {unitName}, {rank} ранга ({country}).";"{player} kupił {unitName} z {rank} ery ({country}).";"{player} koupil {unitName} {rank}. úrovně ({country})";"{player} seviye {rank} olan {unitName} satın aldı ({country}).";"{player} 已\t购\t入 {country} 的 {rank} 级\t载\t具 {unitName}。";"{player}は、\t{country}の{unitName}を\t購入しました（ランク{rank}）。";"{player} adquiriu {unitName} da patente {rank} ({country}).";"{player} здобув {unitName} {rank} рангу ({country}).";"{player} je kupio {unitName} ranga {rank} ({country}).";"{player} megvásárolta a(z) {unitName} {rank}. rangú járművet ({country}).";"{player} 이(가) {country}의 {rank}랭크 장비인 {unitName} 을(를) 구입했습니다.";"{player} купіў {unitName} {rank} рангу ({country}).";"{player} a achiziționat {unitName} de rang {rank} ({country}).";"{player} 已\t購\t入\t{country} 的 {rank} 階\t載\t具 {unitName}";"{player} 已\t购\t入\t{country}\t的 {rank} 级\t载\t具 {unitName}";"{player} đã mua {unitName} thuộc cấp độ {rank} ({country}).";"don't translate content of {}";
"activityFeed/purchase_unit/condensed";"{player} has purchased {count} vehicles.";"{player} a acheté {count} véhicules.";"{player} ha acquistato {count} unità.";"{player} hat {count} unterschiedliche Fahrzeuge erworben.";"{player} ha comprado {count} unidades de los vehículos.";"{player} приобрёл {count} единиц техники.";"{player} kupił {count} jednostek tego typu.";"{player} koupil {count} strojů";"{player} {count} tane araç satın aldı.";"{player} 已\t购\t买\t了 {count} 台\t载\t具。";"{player}は{count}つの\tユニットを\t購入しています。";"{player} adquiriu {count} unidades de veículos.";"{player} придбав {count} одиниць техніки.";"{player} je kupio {count} jedinica vozila.";"{player} megvásárolt {count} járművet.";"{player} 이(가) {count}대의 장비를 구입했습니다.";"{player} купіў {count} адзінак тэхнікі.";"{player} a achiziționat {count} vehicule.";"{player} 已\t經\t購\t買 {count} 台\t載\t具";"{player} 已\t购\t买\t了 {count} 台\t载\t具";"{player} đã mua {count} phương tiện.";"don't translate content of {}";
"activityFeed/win_session";"{player} has won a battle.";"{player} a remporté une bataille";"{player} ha vinto la battaglia.";"{player} hat eine Schlacht gewonnen";"{player}  ha ganado una batalla";"{player} выиграл битву";"{player} zwyciężył";"{player} vyhrál bitvu";"{player} bir savaşı kazandı";"{player} 取\t得\t了\t一\t场\t胜\t利。";"{player}は\t戦闘に\t勝利しました。";"{player} ganhou uma batalha";"{player} виграв битву";"{player} je pobedio u bici";"{player} győzelmet aratott egy csatában.";"{player} 이(가) 전투에서 승리했습니다!";"{player} выйграў бітву";"{player} a câștigat o bătălie";"{player} 獲\t得\t勝\t利";"{player} 获\t胜\t一\t场";"{player} đã thắng 1 trận chiến";"don't translate content of {}";
"activityFeed/win_session/condensed";"{player} has won {count} battles.";"{player} a remporté {count} batailles ";"{player} ha vinto {count} battaglie.";"{player} hat {count} Schlachten gewonnen";"{player} ha ganado {count} batallas";"{player} выиграл {count} битв.";"{player} zwyciężył {count} razy";"{player} vyhrál {count} bitev";"{player} {count} tane savaş kazandı.";"{player} 取\t得\t了 {count} 场\t胜\t利。";"{player}は{count}回の\t戦闘に\t勝利しました。";"{player} ganhou {count} batalhas";"{player} виграв {count} битв";"{player} je pobedio u {count} bitaka";"{player} győzelmet aratott {count} csatában.";"{player} 이(가) {count}회의 전투에서 승리했습니다!";"{player} перамог у {count} баях.";"{player} a câștigat {count} bătălii";"{player} 已\t獲\t得 {count} 場\t勝\t利";"{player} 已\t获\t胜 {count} 场";"{player} đã thắng {count} trận chiến";"don't translate content of {}";
"activityFeed/win_session_after_update";"{player} won the first battle in update {version}";"{player} a gagné la première bataille dans la mise à jour {version}";"{player} ha vinto la prima battaglia nell'aggiornamento {version}";"{player} gewann die erste Schlacht in Update {version}";"{player} ganó la primera batalla en la actualización {version}";"{player} одержал первую победу в обновлении {version}";"{player} wygrał pierwszą bitwę po aktualizacji {version}";"{player} vyhrál první bitvu v aktualizaci {version}";"{player} {version} güncellemesinde ilk savaşını kazandı";"{player} 已\t在 {version} 版\t本\t中\t取\t得\t了\t一\t场\t胜\t利。";"{player} は\tアップデート{version} にて\t戦闘\t1回目の\t勝利を\t収めました。";"{player} venceu a primeira batalha na atualização {version}";"{player} здобув першу перемогу в оновленні {version}";"{player} pobeđuje u prvoj bici apdejta {version}";"{player} megszerezte első győzelmét a(z) {version} verziószámú frissítésben.";"플레이어 {player} 이 업데이트 {version} 에서 첫 승리를 달성했습니다!";"{player} упершыню перамог у абнаўленні {version}";"{player} a câștigat prima bătălie în versiunea {version}";"{player} 在 {version}\t更\t新\t後\t贏\t得\t了\t第\t一\t場\t戰\t鬥\t勝\t利";"{player} 在 {version}\t更\t新\t后\t贏\t得\t了\t第\t一\t場\t战\t斗\t的\t胜\t利";"{player} đã chiến thắng trận đầu tiên ở bản cập nhật {version}";"don't translate content of {}";
"activityFeed/win_session_after_update/condensed";"{player} won {count} battles in update {version}";"{player} a gagné {count} batailles dans la mise à jour {version}";"{player} ha vinto {count} battaglie nell'aggiornamento {version}";"{player} siegte in {count} Schlachten im Verlauf des Updates {version}";"{player} ganó {count} batallas en la actualización {version}";"{player} одержал {count} побед в обновлении {version}";"{player} wygrał {count} bitew po aktualizacji {version}";"{player} vyhrál {count} bitev v aktualizaci update {version}";"{player} {version} güncellemesinde {count} tane savaş kazandı";"{player} 已\t在 {version} 版\t本\t中\t取\t得\t了 {count} 场\t胜\t利。";"{player} は\tアップデート{version} にて{count} 回目の\t戦闘勝利を\t収めました。";"{player} venceu {count} batalhas na atualização {version}";"{player} виграв {count} битв в оновленні {version}";"{player} je pobedio u {count} bitaka apdejta {version}";"{player} megnyert {count} csatát a(z) {version} verziószámú frissítésben.";"플레이어 {player} 이 업데이트 {version} 에서 {count} 회 승리를 달성했습니다.";"{player} перамог {count} разоў у абнаўленні {version}";"{player} a câștigat {count} bătălii în versiunea {version}";"{player} 在 {version}\t更\t新\t後\t贏\t得 {count} 場\t戰\t鬥\t勝\t利";"{player} 在 {version}\t更\t新\t后\t赢\t得\t了 {count} 场\t战\t斗\t的\t胜\t率";"{player} đã chiến thắng {count} trận trong phiên bản {version}";"don't translate content of {}";
"activityFeed/major_update";"War Thunder update {version} is live!";"La mise à jour {version} de War Thunder est en ligne!";"War Thunder, aggiornamento {version} rilasciato!";"War Thunder Update {version} veröffentlicht!";"¡War Thunder: actualización {version} lanzada!";"Вышло обновление War Thunder {version}!";"Dostępna aktualizacja War Thunder {version}!";"Aktualizace War Thunderu {version} je vydaná";"War Thunder {version} güncellemesi yayınlandı!";"War Thunder {version} 版\t本\t已\t上\t线！";"『War Thunder』\tアップデート {version} は\t公開中です！";"A atualização do War Thunder {version} está disponível!";"Оновлення War Thunder {version} актуальне!";"Ažuriranje {version} War Thunder-a je u lajvu!";"Megjelent a War Thunder {version} verziószámú frissítése!";"워 썬더 {version} 업데이트가 드디어 출시되었습니다!";"Выйшла абнаўленне War Thunder {version}!";"Actualizarea War Thunder {versiunea} este disponibilă!";"戰\t爭\t雷\t霆 {version} 更\t新\t已\t經\t上\t線！";"战\t争\t雷\t霆 {version} 更\t新\t完\t成！";"War Thunder phiên bản {version} đã được cập nhật";"don't translate content of {}";
"activityFeed/major_update/condensed";"War Thunder update {version} is live!";"La mise à jour {version} de War Thunder est en ligne!";"War Thunder, aggiornamento {version} rilasciato!";"War Thunder Update {version} veröffentlicht!";"¡War Thunder: actualización {version} lanzada!";"Вышло обновление War Thunder {version}!";"Dostępna aktualizacja War Thunder {version}!";"Aktualizace War Thunderu {version} je vydaná";"War Thunder {version} güncellemesi yayınlandı!";"War Thunder {version} 版\t本\t已\t上\t线！";"『War Thunder』\tアップデート {version} は\t公開中です！";"A atualização do War Thunder {version} está disponível!";"Оновлення War Thunder {version} актуальне!";"Ažuriranje {version} War Thunder-a je u lajvu!";"Megjelent a War Thunder {version} verziószámú frissítése!";"워 썬더 {version} 업데이트가 드디어 출시되었습니다!";"Выйшла абнаўленне War Thunder {version}!";"Actualizarea War Thunder {versiunea} este disponibilă!";"戰\t爭\t雷\t霆 {version} 更\t新\t已\t經\t上\t線！";"战\t争\t雷\t霆 {version} 更\t新\t完\t成！";"War Thunder phiên bản {version} đã được cập nhật. ";"don't translate content of {}";
"activityFeed/clan_duel_reward";"{player} has earned {gold} Golden Eagles and is in {place} place among other squadron members.";"{player} a gagné {gold} et se positionne en rang {place} parmi les autres membres de l'escadron";"{player} ha guadagnato {gold} Aquile Dorate ed è al {place} posto tra i membri della squadriglia.";"{player} hat {gold} Golden Eagles verdient und ist auf Platz {place} unter den übrigen Mitgliedern der Kampfgruppe";"{player}  ganó {gold} águilas doradas y está en el {place} lugar entre los demás miembros del escuadrón";"{player} заработал {gold} Золотых орлов и занимает {place} место среди своих однополчан";"{player} zdobył {gold}¤ orłów oraz zajmuje {place} miejsce na tle reszty członków dywizjonu";"{player} získal {gold} GE a je na {place} místě mezi ostatními hráči svazu";"{player} {gold} Altın Kartal kazandı ve filonun diğer üyeleri arasında {place}. sırada.";"{player} 获\t得\t了 {gold} 金\t鹰，\t目\t前\t在\t联\t队\t中\t排\t名\t第 {place} 名。";"{player}は{gold}イーグルを\t獲得し{place}分隊\tメンバーに\t分配される。";"{player} ganhou {gold} Golden Eagles e está no {place} lugar entre os membros do esquadrão";"{player} заробив {gold} Золотих орлів та займає {place} місце серед гравців полку";"{player} je zaradio {gold}¤ i na {place} je mestu među ostalim članovima eskadrile";"{player} a századában elért {place}. helyezésért {gold} Arany Sas jutalomban részesültél.";"{player} 이(가) 같은 비행대원 중 {place}위를 기록하여 {gold}¤ 를 획득했습니다!";"{player} зарабіў {gold} Залатых арлоў і займае {place} месца сярод сваіх аднапалчан";"{player} a câștigat {gold} vulturi și este pe locul {loc} a membrilor companiei";"{player} 獲\t得\t了 {gold} 金\t鷹\t幣，\t目\t前\t在\t聯\t隊\t中\t排\t名\t第 {place}";"{player} 获\t得\t了 {gold} 金\t鹰，\t目\t前\t在\t联\t队\t中\t排\t名\t第 {place}";"{player} nhận được {gold} Golden Eagles và đạt vị trí {place} trong số các thành viên khác của quân đoàn.";"don't translate content of {}";
"activityFeed/researched_unit";"{player} has researched the {unitName} of rank {rank} ({country}).";"{player} a recherché {unitName} de {rank} rang ({country}).";"{player} ha ricercato {unitName} di era {rank} ({country}).";"{player} hat {unitName} des Rangs {rank} ({country}) erforscht.";"{player} ha investigado {unitName} de la {rank} era ({country}).";"{player} изучил {unitName}, {rank} ранга ({country}).";"{player} odkrył {unitName} z {rank} ery ({country}).";"{player} vyzkoumal {unitName} {rank}. úrovně ({country})";"{player} seviye {rank} {unitName}({country}) araştırmasını tamamladı.";"{player} 已\t成\t功\t研\t发\t出 {country} 的 {rank} 级\t载\t具 {unitName}。";"{player}は\tランク{rank}の{unitName}({country})を\t開発しました。";"{player} pesquisou {unitName} do nível {rank} ({country}).";"{player} дослідив {unitName} {rank} рангу ({country}).";"{player} je otkučao {unitName} {rank} era ({country}).";"{player} kifejlesztette a(z) {unitName} {rank}. rangú járművet ({country}).";"{player} 이(가) {country} {rank}랭크 {unitName}을(를) 연구완료했습니다.";"{player} даследаваў {unitName} {rank} рангу ({country}).";"{player} a cercetat {unitName} de rang {rank} ({country}).";"{player} 已\t成\t功\t研\t發\t出\t{country} 的 {rank} 階\t載\t具 {unitName}。";"{player} 已\t成\t功\t研\t发\t出\t{country}\t的 {rank} 级\t载\t具 {unitName}。";"{player} đã nghiên cứu {unitName} cấp độ {rank} quốc gia ({country}).";"don't translate content of {}";
"activityFeed/researched_unit/condensed";"{player} has researched {count} vehicles.";"{player} a recherché {count} véhicules.";"{player} ha ricercato {count} unità.";"{player} hat {count} Fahrzeuge erforscht.";"{player} ha investigado {count} unidades de vehículos.";"{player} изучил {count} единиц техники.";"{player} odkrył {count} jednostek(-ki).";"{player} vyzkoumal {count} strojů";"{player} {count} tane araç araştırdı.";"{player} 已\t总\t共\t研\t发\t出 {count} 台\t载\t具。";"{player}は{count}機/台の\t機体を\t開発しました。";"{player} pesquisou {count} veículos.";"{player} дослідив {count} одиниць техніки.";"{player} je otključao {count} jedinica vozila.";"{player} kifejlesztett {count} járművet.";"{player} 이(가) {count}대의 장비를 연구완료했습니다.";"{player} даследаваў {count} адзінак тэхнікі.";"{player} a cercetat {count} unități de vehicule.";"{player} 總\t計\t研\t發\t了 {count} 台\t載\t具";"{player} 已\t总\t共\t研\t发\t出 {count} 台\t载\t具。";"{player} đã nghiên cứu {count} phương tiện.";"don't translate content of {}";
"country_britain";"United Kingdom of Great Britain and Northern Ireland";"Grande-Bretagne";"Gran Bretagna";"Großbritannien";"Gran Bretaña";"Британия";"Wielka Brytania";"Velká Británie";"Britanya";"英\t国";"イギリス";"Grã-Bretanha";"Британія";"Velika Britanija";"Nagy-Britannia";"영국";"В. Брытанія";"Marea Britanie";"英\t國";"E\t系";"Anh Quốc";;
"country_britain/short";"UK";"GB";"GB";"GB";"GB";"GB";"GB";"GB";"GB";"英";"イギリス";"GB";"GB";"GB";"GB";"영";"GB";"MB";"英";"E\t系";"GB";;
"country_china";"People's Republic of China <color=#cbcbcb>/</color> Zhōnghuá Rénmín Gònghéguó";"Chine";"Cina";"China";"China";"Китай";"Chiny";"Čína";"Çin";"中\t国";"中国";"China";"Китай";"Kina";"Kína";"중국";"Кітай";"China";"中\t國";"C\t系";"Trung Quốc";;
"country_china/short";"China";"CN";"CN";"CN";"CN";"CN";"CN";"CN";"CN";"中";"中国";"CN";"CN";"CN";"CN";"중";"CN";"CN";"中";"C\t系";"CN";;
"country_germany_weimar_republic";"German Reich <color=#cbcbcb>/</color> Deutsches Reich";"République de Weimar";"Repubblica di Weimar";"Weimarer Republik";"República de Weimar";"Веймарская республика";"Republika Weimarska";"Výmarská republika";"Weimar Cumhuriyeti";"魏\t玛\t共\t和\t国";"ヴァイマル\t共和政";"República de Weimar";"Веймарська республіка";"Weimar Republic";"Weimar Republic";"이마르 공화국";"Веймарская Рэспубліка";"Weimar Republic";"威\t瑪\t共\t和\t國";"Weimar Republic";"Cộng hòa Weimar";;
"country_germany";"Greater German Reich <color=#cbcbcb>/</color> Großdeutsches Reich";"Allemagne";"Germania";"Deutschland";"Alemania";"Германия";"Niemcy";"Německo";"Almanya";"德\t国";"ドイツ";"Alemanha";"Німеччина";"Nemačka";"Németország";"독일";"Нямеччына";"Germania";"德\t國";"D\t系";"Đức";;
"country_germany_empire_navy";"German Empire <color=#cbcbcb>/</color> Deutsches Reich";"Empire allemand";"Impero Tedesco";"Deutsches Kaiserreich";"Imperio Alemán";"Германская империя";"Cesarstwo Niemieckie";"Německé impérium";"Alman İmparatorluğu";"德\t意\t志\t帝\t国";"ドイツ\t帝国";"Império Alemão";"Німецька імперія";"German Empire";"Német Birodalom";"독일 제국";"Нямецкая імперыя ";"German Empire";"德\t意\t志\t帝\t國";"German Empire";"Đế chế Đức";;
"country_germany_modern";"Federal Republic of Germany <color=#cbcbcb>/</color> Bundesrepublik Deutschland";"Allemagne";"Germania";"Deutschland";"Alemania";"Германия";"Niemcy";"Německo";"Almanya";"德\t国";"ドイツ";"Alemanha";"Німеччина";"Germany";"Németország";"독일";"Нямеччына";"Germany";"德\t國";"D 系";"Đức";;
"country_germany/short";"Germany";"DE";"GER";"DE";"DE";"DE";"DE";"DE";"DE";"德";"ドイツ";"AL";"DE";"DE";"DE";"독";"DE";"GE";"德";"D\t系";"DE";;
"country_japan";"Empire of Japan <color=#cbcbcb>/</color> Dai Nihon Teikoku";"Japon";"Giappone";"Japan";"Japón";"Япония";"Japonia";"Japonsko";"Japonya";"日\t本";"日本";"Japão";"Японія";"Japan";"Japán";"일본";"Японія";"Japonia";"日\t本";"R\t系";"Nhật Bản";;
"country_japan/short";"Japan";"JP";"JP";"JP";"JP";"JP";"JP";"JP";"JP";"日";"日本";"JP";"JP";"JP";"JP";"일";"JP";"JP";"日";"R\t系";"JP";;
"country_usa";"United States of America";"USA";"USA";"USA";"EE.UU";"США";"USA";"USA";"ABD";"美\t国";"アメリカ";"EUA";"США";"SAD";"USA";"미국";"ЗША";"SUA";"美\t國";"A\t系";"Hoa Kỳ";;
"country_usa_modern";"United States of America";"USA";"USA";"USA";"EE.UU";"США";"Stany Zjednoczone";"USA";"ABD";"美\t国";"アメリカ";"EUA";"США";"USA";"USA";"미국";"ЗША";"USA";"美\t國";"A\t系";"Hoa Kỳ";;
"country_usa/short";"USA";"US";"US";"US";"US";"US";"US";"US";"US";"美";"アメリカ";"EUA";"US";"US";"US";"미";"US";"SU";"美";"A\t系";"US";;
"country_ussr";"United Soviet Socialist Republics <color=#cbcbcb>/</color> Soyuz Sovyetskikh Sotsialisticheskikh Respublik";"URSS";"URSS";"Sowjetunion";"URSS";"СССР";"ZSRR";"SSSR";"SSCB";"苏\t联";"ソビエト\t連邦";"URSS";"СРСР";"SSSR";"Szovjetunió";"소련";"СССР";"URSS";"蘇\t聯";"S\t系";"Liên Xô";;
"country_russia";"Russian Federation <color=#cbcbcb>/</color> Rossiyskaya Federatsiya";"Russie";"Russia";"Russland";"Rusia";"Россия";"Rosja";"Rusko";"Rusya";"俄\t罗\t斯";"ロシア";"Rússia";"РФ";"Russia";"Oroszország";"러시아";"Расея";"Russia";"俄\t羅\t斯";"S 系";"Nga";;
"country_russia_empire_navy";"Russian Empire <color=#cbcbcb>/</color> Rossiyskaya Imperiya";"Empire russe";"Impero Russo";"Russisches Kaiserreich";"Imperio Ruso";"Российская империя";"Imperium Rosyjskie";"Ruské impérium";"Rus İmparatorluğu";"俄\t罗\t斯\t帝\t国";"ロシア\t帝国";"Império Russo";"Російська імперія";"Russian Empire";"Orosz Birodalom";"러시아 제국";"Расійская імперыя";"Russian Empire";"俄\t羅\t斯\t帝\t國";"Russian Empire";"Đế chế Nga";;
"country_ussr/short";"USSR";"SU";"URSS";"SU";"SU";"SU";"SU";"SU";"SU";"苏";"ソ\t連";"RU";"SU";"SU";"SU";"소";"SU";"US";"蘇";"S\t系";"SU";;
"country_sweden";"Kingdom of Sweden <color=#cbcbcb>/</color> Konungariket Sverige";"Suède";"Svezia";"Schweden";"Suecia";"Швеция";"Szwecja";"Švédsko";"İsveç";"瑞\t典";"スウェーデン";"Suécia";"Швеція";"Švedska";"Svédország";"스웨덴";"Швецыя";"Sweden";"瑞\t典";"SW\t系";"Thụy Điển";;
"country_sweden/short";"Sweden";"SE";"SE";"SE";"SE";"SE";"SE";"SE";"SE";"瑞";"スウェーデン";"SE";"SE";"SE";"SE";"스";"SE";"SE";"瑞";"T\t系";"SE";;
"shop/unitCountry/operator";"Operator country<color=#ffffff>";"Pays opérateur";"Nazione dell'operatore";"Einsatzland";"País operador";"Страна оператор";"Użytkownik";"Země provozovatele";"Kullanan ülke";"服\t役\t国";"運用国家";"País de operação";"Країна оператор";"Operator country";"Üzemeltető ország";"운용국";"Краіна аператар";"Operator country";"服\t役\t國";"载\t具\t所\t属\t阵\t营";"Quốc gia sử dụng";;
"shop/unitCountry/research";"</color>Research country<color=#ffffff>";"Pays de recherche";"Nazione in ricerca";"Herkunftsland";"País de investigación";"Страна исследования";"Drzewko technologiczne";"Výzkum země";"Araştırma ülkesi";"研\t发\t科\t技\t树";"研究国家";"País de pesquisa";"Країна дослідження";"Research country";"Fejlesztés szerinti ország";"연구 국가";"Краіна даследавання";"Research country";"研\t發\t國";"研\t究";"Quốc gia nghiên cứu";;
"country_australia";"Commonwealth of Australia";"Australie";"Australia";"Australien";"Australia";"Австралия";"Australia";"Austrálie";"Avustralya";"澳\t大\t利\t亚";"オーストラリア";"Austrália";"Австралія";"Australija";"Ausztrália";"호주";"Аўстралія";"Australia";"澳\t大\t利\t亞";"澳";"Úc";;
"country_austria";"Republic of Austria <color=#cbcbcb>/</color> Republik Österreich";"Autriche";"Austria";"Österreich";"Austria";"Австрия";"Austria";"Rakousko";"Avusturya";"奥\t地\t利";"オーストリア";"Áustria";"Австрія";"Austria";"Ausztria";"오스트리아";"Аўстрыя";"Austria";"奧\t地\t利";"Austria";"Áo";;
"country_italy_kingdom";"Kingdom of Italy <color=#cbcbcb>/</color> Regno d'Italia";"Royaume d'Italie";"Regno d'Italia";"Königreich Italien";"Reino de Italia";"Королевство Италия";"Królestwo Włoch";"Království Itálie";"İtalya Kralllığı";"意\t大\t利\t王\t国";"イタリア\t王国";"Reino da Itália";"Королівство Італія";"Kingdom of Italy";"Olasz Királyság";"이탈리아 왕국";"Каралеўства Італія";"Kingdom of Italy";"義\t大\t利\t王\t國";"Kingdom of Italy";"Vương quốc Ý";;
"country_italy";"Italian Republic <color=#cbcbcb>/</color> Repubblica Italiana";"Italie";"Italia";"Italien";"Italia";"Италия";"Włochy";"Itálie";"İtalya";"意\t大\t利";"イタリア";"Itália";"Італія";"Italija";"Olaszország";"이탈리아";"Італія";"Italia";"義\t大\t利";"I\t系";"Ý";;
"country_italy/short";"Italy";"IT";"IT";"IT";"IT";"IT";"IT";"IT";"IT";"意";"イタリア";"IT";"IT";"IT";"IT";"이태리";"IT";"IT";"義";"I\t系";"IT";;
"country_belgium";"Kingdom of Belgium <color=#cbcbcb>/</color> Koninkrijk België";"Belgique";"Belgio";"Belgien";"Bélgica";"Бельгия";"Belgia";"Belgie";"Belçika";"比\t利\t时";"ベルギー";"Bélgica";"Бельгія";"Belgija";"Belgium";"벨기에";"Бельгія";"Belgia";"比\t利\t時";"比\t利\t时";"Bỉ";;
"country_bulgaria";"Republic of Bulgaria <color=#cbcbcb>/</color> Republika Bŭlgariya";"Bulgarie";"Bulgaria";"Bulgarien";"Bulgaria";"Болгария";"Bułgaria";"Bulharsko";"Bulgaristan";"保\t加\t利\t亚";"ブルガリア";"Bulgária";"Болгарія";"Bugarska";"Bulgária";"불가리아";"Балгарыя";"Bulgaria";"保\t加\t利\t亞";"保";"Bulgaria";;
"country_brazil";"Federative Republic of Brazil <color=#cbcbcb>/</color> República Federativa do Brasil";"Brésil";"Brasile";"Brasilien";"Brasil";"Бразилия";"Brazylia";"Brazílie";"Brezilya";"巴\t西";"ブラジル";"Brasil";"Бразилія";"Brazil";"Brazil";"브라질";"Бразилия";"Brazil";"巴\t西";"Brazil";"Brazil";;
"country_canada";"Canada";"Canada";"Canada";"Kanada";"Canadá";"Канада";"Kanada";"Kanada";"Kanada";"加\t拿\t大";"カナダ";"Canadá";"Канада";"Kanada";"Kanada";"캐나다";"Канада";"Canada";"加\t拿\t大";"加\t拿\t大";"Canada";;
"country_finland";"Republic of Finland <color=#cbcbcb>/</color> Suomen tasavalta";"Finlande";"Finlandia";"Finnland";"Finlandia";"Финляндия";"Finlandia";"Finsko";"Finlandiya";"芬\t兰";"フィンランド";"Finlândia";"Фінляндія";"Finska";"Finnország";"핀란드";"Фінляндыя";"Finlanda";"芬\t蘭";"芬\t兰";"Phần Lan";;
"country_france";"French Republic <color=#cbcbcb>/</color> République française";"France";"Francia";"Frankreich";"Francia";"Франция";"Francja";"Francie";"Fransa";"法\t国";"フランス";"França";"Франція";"Francuska";"Franciaország";"프랑스";"Францыя";"Franța";"法\t國";"F\t系";"Pháp";;
"country_france/short";"France";"FR";"FR";"FR";"FR";"FR";"FR";"FR";"FR";"法";"フランス";"FR";"FR";"FR";"FR";"프";"FR";"FR";"法";"F\t系";"FR";;
"country_greece";"Hellenic Republic <color=#cbcbcb>/</color> Ellinikí Dimokratía";"Grèce";"Grecia";"Griechenland";"Grecia";"Греция";"Grecja";"Řecko";"Yunanistan";"希\t腊";"ギリシャ";"Grécia";"Греція";"Grčka";"Görögország";"그리스";"Грэцыя";"Grecia";"希\t臘";"希";"Hy Lạp";;
"country_greece_modern";"Hellenic Republic <color=#cbcbcb>/</color> Ellinikí Dimokratía";"Grèce";"Grecia";"Griechenland";"Grecia";"Греция";"Grecja";"Řecko";"Yunanistan";"希\t腊";"ギリシャ";"Grécia";"Греція";"Greece";"Görögország";"그리스";"Грэцыя";"Greece";"希\t臘";"Greece";"Hy Lạp";;
"country_hungary";"Kingdom of Hungary <color=#cbcbcb>/</color> Magyar Királyság";"Hongrie";"Ungheria";"Ungarn";"Hungría";"Венгрия";"Węgry";"Maďarsko";"Macaristan";"匈\t牙\t利";"ハンガリー";"Hungria";"Угорщина";"Mađarska";"Magyarország";"헝가리";"Вугоршчына";"Ungaria";"匈\t牙\t利";"匈\t牙\t利";"Hungary";;
"country_hungary_modern";"Hungary <color=#cbcbcb>/</color> Magyarország";"Hongrie";"Ungheria";"Ungarn";"Hungría";"Венгрия";"Węgry";"Maďarsko";"Macaristan";"匈\t牙\t利";"ハンガリー";"Hungria";"Угорщина";"Hungary";"Magyarország";"헝가리";"Вугоршчына";"Hungary";"匈\t牙\t利";"Hungary";"Hungary";;
"country_iraq";"Republic of Iraq <color=#cbcbcb>/</color> Jumhūriyyat al-ʿIrāq";"Irak";"Iraq";"Irak";"Irak";"Ирак";"Irak";"Irák";"Irak";"伊\t拉\t克";"イラク";"Iraque";"Ірак";"Irak";"Irak";"이라크";"Ірак";"Irak";"伊\t拉\t克";"伊\t拉\t克";"Iraq";;
"country_netherlands";"Netherlands <color=#cbcbcb>/</color> Nederland";"Pays-Bas";"Paesi Bassi";"Niederlande";"Países Bajos";"Нидерланды";"Holandia";"Nizozemsko";"Hollanda";"荷\t兰";"オランダ";"Holanda";"Нідерланди";"Holandija";"Hollandia";"네덜란드";"Нідэрланды";"Olanda";"荷\t蘭";"荷\t兰";"Hà Lan";;
"country_new_zealand";"New Zealand <color=#cbcbcb>/</color> Aotearoa";"Nouvelle Zélande";"Nuova Zelanda";"Neuseeland";"Nueva Zelanda";"Новая Зеландия";"Nowa Zelandia";"Nový Zéland";"Yeni Zelanda";"新\t西\t兰";"ニュージーランド";"Nova Zelândia";"Нова Зеландія";"Novi Zeland";"Új-Zéland";"뉴질랜드";"Новая Зеландыя";"Noua Zeelandă";"紐\t西\t蘭";"新\t西\t兰";"New Zealand";;
"country_norway";"Norway <color=#cbcbcb>/</color> Kongeriket Norge";"Norvège";"Norvegia";"Norwegen";"Noruega";"Норвегия";"Norwegia";"Norsko";"Norveç";"挪\t威";"ノルウェー";"Noruega";"Норвегія";"Norveška";"Norvégia";"노르웨이";"Нарвегія";"Norvegia";"挪\t威";"挪\t威";"Na Uy";;
"country_poland";"Poland <color=#cbcbcb>/</color> Rzeczpospolita Polska";"Pologne";"Polonia";"Polen";"Polonia";"Польша";"Polska";"Polsko";"Polonya";"波\t兰";"ポーランド";"Polónia";"Польща";"Poljska";"Lengyelország";"폴란드";"Польшча";"Polonia";"波\t蘭";"波";"Ba Lan";;
"country_romania";"Romania <color=#cbcbcb>/</color> România";"Roumanie";"Romania";"Rumänien";"Rumania";"Румыния";"Rumunia";"Rumunsko";"Romanya";"罗\t马\t尼\t亚";"ルーマニア";"Roménia";"Румунія";"Rumunija";"Románia";"루마니아";"Румынія";"România";"羅\t馬\t尼\t亞";"罗\t马\t尼\t亚";"Romania";;
"country_south_africa";"Republic of South Africa <color=#cbcbcb>/</color> iRiphabhuliki yaseNingizimu Afrika";"Afrique du Sud";"Sud Africa";"Südafrika";"Sudáfrica";"Южная Африка";"Południowa Afryka";"Jižní Afrika";"Güney Afrika";"南\t非";"南\tアフリカ";"África do Sul";"ПАР";"Južna Afrika";"Dél-Afrika";"남아프리카 공화국";"Паўднёвая Афрыка";"Africa de Sud";"南\t非";"南\t非";"Nam Phi";;
"country_thailand";"Kingdom of Thailand <color=#cbcbcb>/</color> Ratcha-anachak Thai";"Thaïlande";"Tailandia";"Thailand";"Tailandia";"Тайланд";"Tajlandia";"Thajsko";"Tayland";"泰\t国";"タイ";"Tailândia";"Таїланд";"Tajland";"Thaiföld";"태국";"Тайланд";"Tailanda";"泰\t國";"泰\t国";"Thái Lan";;
"country_yugoslavia";"Yugoslavia <color=#cbcbcb>/</color> Jugoslavija";"Yougoslavie";"Jugoslavia";"Jugoslawien";"Yugoslavia";"Югославия";"Jugosławia";"Jugoslávie";"Yugoslavya";"南\t斯\t拉\t夫";"ユーゴスラビア";"Jugoslávia";"Югославія";"Jugoslavija";"Jugoszlávia";"유고슬라비아";"Югаславія";"Iugoslavia";"南\t斯\t拉\t夫";"南\t斯\t拉\t夫";"Nam Tư";;
"country_korea";"Democratic People's Republic of Korea <color=#cbcbcb>/</color> Chosŏn Minjujuŭi Inmin Konghwaguk";"Corée du nord";"Corea del Nord";"Nordkorea";"Norte de Corea";"КНДР";"Korea Północna";"Severní Korea";"Kuzey Kore";"朝\t鲜";"北朝鮮";"Coreia do Norte";"КНДР";"Severna Koreja";"Észak-Korea";"북한";"КНДР";"Coreea de Nord";"北\t韓";"北\tCX";"Triều Tiên";;
"country_japan_modern";"Japan <color=#cbcbcb>/</color> Nihon-koku";"Japon";"Giappone";"Japan";"Japón";"Япония";"Japonia";"Japonsko";"Japonya";"日\t本";"日本";"Japão";"Японія";"Japan";"Japán";"일본";"Японія";"Japan";"日\t本";"R 系";"Nhật Bản";;
"country_portugal";"Portuguese Republic <color=#cbcbcb>/</color> República Portuguesa";"Portugal";"Portogallo";"Portugal";"Portugal";"Португалия";"Portugalia";"Portugalsko";"Portekiz";"葡\t萄\t牙";"ポルトガル";"Portugal";"Португалія";"Portugal";"Portugália";"포르투갈";"Партугалія";"Portugal";"葡\t萄\t牙";"Portugal";"Bồ Đào Nha";;
"country_syria";"Syrian Arab Republic <color=#cbcbcb>/</color> al-Jumhūriyya al-'Arabiyya al-Sūriya";"Syrie";"Siria";"Syrien";"Siria";"Сирия";"Syria";"Sýrie";"Suriye";"叙\t利\t亚";"シリア";"Síria";"Сирія";"Syria";"Szíria";"시리아";"Сірыя";"Syria";"敘\t利\t亞";"Syria";"Syria";;
"country_canada_modern";"Canada";"Canada";"Canada";"Kanada";"Canadá";"Канада";"Kanada";"Kanada";"Kanada";"加\t拿\t大";"カナダ";"Canadá";"Канада";"Canada";"Kanada";"캐나다";"Канада";"Canada";"加\t拿\t大";"Canada";"Canada";;
"country_argentina";"Argentine Republic <color=#cbcbcb>/</color> República Argentina";"Argentine";"Argentina";"Argentinien";"Argentina";"Аргентина";"Argentyna";"Argentina";"Arjantin";"阿\t根\t廷";"アルゼンチン";"Argentina";"Аргентина";"Argentina";"Argentína";"아르헨티나";"Аргентына";"Argentina";"阿\t根\t廷";"Argentina";"Argentina";;
"country_south_africa_modern";"Republic of South Africa <color=#cbcbcb>/</color> iRiphabhuliki yaseNingizimu Afrika";"Afrique du Sud";"Sud Africa";"Südafrika";"Sudáfrica";"ЮАР";"Republika Południowej Afryki";"Jižní Afrika";"Güney Afrika";"南\t非";"南\tアフリカ";"África do Sul";"Південна Африка";"South Africa";"Dél-Afrika";"남아프리카 공화국";"Паўднёвая Афрыка";"South Africa";"南\t非";"South Africa";"Nam Phi";;
"country_vietnam";"Socialist Republic of Vietnam <color=#cbcbcb>/</color> Cộng hòa Xã hội chủ nghĩa Việt Nam";"Viêtnam";"Vietnam";"Vietnam";"Vietnam";"Вьетнам";"Wietnam";"Vietnam";"Vietnam";"越\t南";"ベトナム";"Vietname";"В'єтнам";"Vietnam";"Vietnám";"베트남";"В'етнам";"Vietnam";"越\t南";"Vietnam";"Việt Nam";;
"country_turkey";"Republic of Türkiye <color=#cbcbcb>/</color> Türkiye Cumhuriyeti";"Turquie";"Turchia";"Türkei";"Turquía";"Турция";"Turcja";"Turecko";"Türkiye";"土\t耳\t其";"トルコ";"Turquia";"Туреччина";"Turkey";"Törökország";"튀르키예";"Турэччына";"Turkey";"土\t耳\t其";"Turkey";"Thổ Nhĩ Kỳ";;
"country_cuba";"Republic of Cuba <color=#cbcbcb>/</color> República de Cuba";"Cuba";"Cuba";"Kuba";"Cuba";"Куба";"Kuba";"Kuba";"Küba";"古\t巴";"キューバ";"Cuba";"Куба";"Cuba";"Kuba";"쿠바";"Куба";"Cuba";"古\t巴";"Cuba";"Cuba";;
"country_philippines";"Republic of the Philippines <color=#cbcbcb>/</color> Republika ng Pilipinas";"Philippines";"Filippine";"Philippinen";"Filipinas";"Филиппины";"Filipiny";"Filipíny";"Filipinler";"菲\t律\t宾";"フィリピン";"Filipinas";"Філіппіни";"Philippines";"Fülöp-szigetek";"필리핀";"Філіпіны";"Philippines";"菲\t律\t賓";"Philippines";"Philippines";;
"country_czech";"Czech Republic <color=#cbcbcb>/</color> Česká republika";"République tchèque";"Repubblica Ceca";"Tschechische Republik";"República Checa";"Чехия";"Republika Czeska";"Česko";"Çek Cumhuriyeti";"捷\t克\t共\t和\t国";"チェコ\t共和国";"República Checa";"Чехія";"Czech";"Cseh Köztársaság";"체코";"Чэхія";"Czech";"捷\t克\t共\t和\t國";"Czech";"Cộng hoà Séc";;
"country_gdr";"German Democratic Republic <color=#cbcbcb>/</color> Deutsche Demokratische Republik";"RDA";"GDR";"DDR";"RDA";"ГДР";"NRD";"DDR";"Doğu Almanya";"德\t意\t志\t民\t主\t共\t和\t国";"ドイツ\t民主共和国";"República Democrática Alemã";"НДР";"GDR";"Kelet-Németország";"동독";"НДР";"GDR";"東\t德";"GDR";"GDR";;
"country_north_korea";"Democratic People's Republic of Korea <color=#cbcbcb>/</color> Chosŏn Minjujuŭi Inmin Konghwaguk";"Corée du nord";"Corea del Nord";"Nordkorea";"Corea del Norte";"КНДР";"Korea Północna";"Severní Korea";"Kuzey Kore";"朝\t鲜";"朝鮮民主主義人民共和国";"Coreia do Norte";"Північна Корея";"North Korea";"Észak-Korea";"북한";"Паўночная Карэя";"North Korea";"北\t韓";"North Korea";"Bắc Triều tiên";;
"country_bangladesh";"People's Republic of Bangladesh <color=#cbcbcb>/</color> Gôṇoprojātôntrī Bāṅglādesh";"Bangladesh";"Bangladesh";"Bangladesch";"Bangladés";"Бангладеш";"Bangladesz";"Bangladéš";"Bangladeş";"孟\t加\t拉\t国";"バングラデシュ";"Bangladesh";"Бангладеш";"Bangladesh";"Banglades";"방글라데시";"Бангладэш";"Bangladesh";"孟\t加\t拉";"Bangladesh";"Bangladesh";;
"country_republic_china";"Republic of China <color=#cbcbcb>/</color> Zhōnghuá Mínguó";"République de Chine";"Repubblica Cinese";"Republik China";"República de China";"Китайская Республика";"Republika Chińska";"Republika Čína";"Çin Cumhuriyeti";"中\t国";"中華民国";"República da China";"Китайська Республіка";"Republic China";"Kínai Köztársaság";"중화민국";"Кітайская Рэспубліка";"Republic China";"中\t華\t民\t國";"Republic China";"Trung Hoa Dân Quốc";;
"country_pakistan";"Islamic Republic of Pakistan <color=#cbcbcb>/</color> Islāmī Jumhūriyah Pākistān";"Pakistan";"Pakistan";"Pakistan";"Pakistán";"Пакистан";"Pakistan";"Pákistán";"Pakistan";"巴\t基\t斯\t坦";"パキスタン";"Paquistão";"Пакистан";"Pakistan";"Pakisztán";"파키스탄";"Пакістан";"Pakistan";"巴\t基\t斯\t坦";"Pakistan";"Pakistan";;
"country_ireland";"Ireland <color=#cbcbcb>/</color> Éire";"Irlande";"Irlanda";"Irland";"Irlanda";"Ирландия";"Irlandia";"Irsko";"İrlanda";"爱\t尔\t兰";"アイルランド";"Irlanda";"Ірландія";"Ireland";"Írország";"아일랜드";"Ірландыя";"Ireland";"愛\t爾\t蘭";"Ireland";"Ireland";;
"country_slovakia";"Slovak Republic <color=#cbcbcb>/</color> Slovenská republika";"Slovaquie";"Slovacchia";"Slowakei";"Eslovaquia";"Словакия";"Słowacja";"Slovensko";"Slovakya";"斯\t洛\t伐\t克";"スロバキア";"Eslováquia";"Словаччина";"Slovakia";"Szlovákia";"슬로바키아";"Славакія";"Slovakia";"斯\t洛\t伐\t克";"Slovakia";"Slovakia";;
"country_saudi_arabia";"Kingdom of Saudi Arabia <color=#cbcbcb>/</color> al-Mamlaka al-'Arabiyya as-Su'ūdiyya";"Arabie saoudite";"Arabia Saudita";"Saudi-Arabien";"Arabia Saudí";"Саудовская Аравия";"Arabia Saudyjska";"Saúdská Arábie";"Suudi Arabistan";"沙\t特\t阿\t拉\t伯";"サウジアラビア";"Arábia Saudita";"Саудівська Аравія";"Saudi Arabia";"Szaúd-Arábia";"사우디아라비아";"Саудаўская Аравія";"Saudi Arabia";"沙\t烏\t地\t阿\t拉\t伯";"Saudi Arabia";"Ả Rập Saudi";;
"country_spain";"Kingdom of Spain <color=#cbcbcb>/</color> Reino de España";"Espagne";"Spagna";"Spanien";"España";"Испания";"Hiszpania";"Španělsko";"İspanya";"西\t班\t牙";"スペイン";"Espanha";"Іспанія";"Spain";"Spanyolország";"스페인";"Іспанія";"Spain";"西\t班\t牙";"Spain";"Tây Ban Nha";;
"country_jordan";"Hashmentie Kingdom of Jordan <color=#cbcbcb>/</color> Al-Mamlaka al-Urduniyya al-Hāshimiyya";"Jordanie";"Giordania";"Jordanien";"Jordania";"Иордания";"Jordania";"Jordán";"Ürdün";"约\t旦";"ヨルダン";"Jordânia";"Йорданія";"Jordan";"Jordánia";"요르단";"Іарданія";"Jordan";"約\t旦";"Jordan";"Jordan";;
"country_britain_empire_navy";"United Kingdom of Great Britain and Northern Ireland";"Empire britannique";"Impero Britannico";"British Empire";"Imperio Británico";"Британская империя";"Imperium Brytyjskie";"Britské impérium";"Britanya İmparatorluğu";"大\t不\t列\t颠\t帝\t国";"大英帝国";"Império Britânico";"Британська імперія";"British Empire";"Brit Birodalom";"대영제국";"Брытанская імперыя";"British Empire";"大\t英\t帝\t國";"British Empire";"Đế chế Anh Quốc";;
"country_pkg6";"Ponyland";"Ponyland";"Ponilandia";"Ponyland";"Ponilandia";"Пониланд";"Kucykolandia";"Říše poníků";"Ponyland";"小\t马\t国";"ポニーランド";"Ponyland";"Поніленд";"Zemlja Ponija";"Póniország";"포니랜드";"Поніландыя";"Țara poneilor";"小\t馬\t國";"小\t马\t国";"Ponyland";;
"country_switzerland";"Swiss Confederation <color=#cbcbcb>/</color> Schweizerische Eidgenossenschaft";"Suisse";"Svizzera";"Schweiz";"Suiza";"Швейцария";"Szwajcaria";"Švýcarsko";"İsviçre";"瑞\t士";"スイス";"Suíça";"Швейцарія";"Switzerland";"Svájc";"스위스";"Швейцарыя";"Switzerland";"瑞\t士";"Switzerland";"Thuỵ Sỹ";;
"country_india";"Republic of India <color=#cbcbcb>/</color> Bhārat Gaṇarājya";"Inde";"India";"Indien";"India";"Индия";"Indie";"Indie";"Hindistan";"印\t度";"インド";"Índia";"Індія";"India";"India";"인도";"Індыя";"India";"印\t度";"India";"Ấn Độ";;
"country_kazakhstan";"Republic of Kazakhstan <color=#cbcbcb>/</color> Qazaqstan Respublikasy";"Kazakhstan";"Kazakhstan";"Kasachstan";"Kazajistán";"Казахстан";"Kazachstan";"Kazachstán";"Kazakistan";"哈\t萨\t克\t斯\t坦";"カザフスタン";"Cazaquistão";"Казахстан";"Kazakhstan";"Kazahsztán";"카자흐스탄";"Казахстан";"Kazakhstan";"哈\t薩\t克\t斯\t坦";"Kazakhstan";"Kazakhstan";;
"country_lithuania";"Republic of Lithuania <color=#cbcbcb>/</color> Lietuvos Respublika";"Lituanie";"Lituania";"Litauen";"Lituania";"Литва";"Litwa";"Litva";"Litvanya";"立\t陶\t宛";"リトアニア";"Lituânia";"Литва";"Lithuania";"Lithuania";"리투아니아";"Літва";"Lithuania";"立\t陶\t宛";"Lithuania";"Lithuania";;
"country_oman";"Sultanate of Oman";"Oman";"Oman";"Oman";"Omán";"Оман";"Oman";"Omán";"Umman";"阿\t曼";"オマーン";"Omã";"Оман";"Oman";"Oman";"오만";"Оман";"Oman";"阿\t曼";"Oman";"Oman";;
"country_denmark";"Kingdom of Denmark <color=#cbcbcb>/</color> Kongeriget Danmark";"Danemark";"Danimarca";"Dänemark";"Dinamarca";"Дания";"Dania";"Dánsko";"Danimarka";"丹\t麦";"デンマーク";"Dinamarca";"Данія";"Denmark";"Denmark";"덴마크";"Дания";"Denmark";"丹\t麥";"Denmark";"Denmark";;
"country_kuwait";"State of Kuwait <color=#cbcbcb>/</color> Dawlat al-Kuwayt";"Koweït";"Kuwait";"Kuwait";"Kuwait";"Кувейт";"Kuwejt";"Kuvajt";"Kuveyt";"科\t威\t特";"クウェート";"Kuwait";"Кувейт";"Kuwait";"Kuwait";"쿠웨이트";"Кувейт";"Kuwait";"科\t威\t特";"Kuwait";"Kuwait";;
"country_egypt";"Arab Republic of Egypt <color=#cbcbcb>/</color> Jumhūrīyat Miṣr al-'Arabīyah";"Égypte";"Egitto";"Ägypten";"Egipto";"Египет";"Egipt";"Egypt";"Mısır";"埃\t及";"エジプト";"Egipto";"Єгипет";"Egipat";"Egyiptom";"이집트";"Егіпет";"Egypt";"埃\t及";"  ";"Ai Cập";;
"country_israel";"State of Israel";"Israël";"Israele";"Israel";"Israel";"Израиль";"Izrael";"Izrael";"İsrail";"以\t色\t列";"イスラエル";"Israel";"Ізраїль";"Izrael";"Izrael";"이스라엘";"Ізраіль";"Israel";"以\t色\t列";"  ";"Israel";;
"country_israel/short";"Israel";"IL";"IL";"IL";"IL";"IL";"ISR";"IL";"IL";"以";"イスラエル";"IS";"IL";"IL";"IL";"이스라엘";"IL";"IL";"以";"Y\t系";"IL";;
"mainmenu/custom_lang_info";"<color=#c0c0c0>War Tinder's Historical Localization Mod - 1.08.61</color>";"Localisation personnalisée activée";"Traduzione personalizzata abilitata";"Benutzerdefinierte Lokalisation aktiv";"Localización personalizada activada";"Включена пользовательская локализация";"Włączone niestandardowe tłumaczenie";"Vlastní lokalizace povolena";"Özel yerelleştirme etkinleştirildi";"已\t启\t用\t自\t定\t义\t文\t本";"ローカライゼーションの\tカスタマイズを\t有効にする";"Localização personalizada ativada";"Користувацька локалізація ввімкнена";"Custom localization enabled";"Custom localization enabled";"사용자 설정 번역 사용 중";"Включена пользовательская локализация";"Custom localization enabled";"已\t啟\t用\t自\t定\t義\t文\t本";"Custom localization enabled";"Bản dịch tự chọn được kích hoạt";;
"mainmenu/custom_lang_info/tooltip";"You have installed War Tinder's Historical Localization Mod. Vehicle, weapon, and modification names may appear different.

If you find an error in the mod or a missing piece of text, please create a report in the issues section for the mod's GitHub repository. The GitHub repository can be found here:

https://github.com/Addysaurus/lang_modding";"Vous avez une localisation personnalisée activée. Si certains textes du jeu ne s'affichent pas correctement, contactez l'auteur de la localisation personnalisée (mod) ou désactivez-la.";"Hai una traduzione personalizzata abilitata. Se alcuni testi in gioco vengono visualizzati non correttamente, contatta l'autore della mod o disabilitala.";"Du hast eine benutzerdefinierte Lokalisation aktiviert. Falls einige Texte in dem Spiel inkorrekt dargestellt werden, kontaktiere den Autor der installierten benutzerdefinierten Lokalisation (Mod), oder deaktiviere sie.";"Tienes activada la localización personalizada. Si algunos textos del juego se muestran incorrectamente, ponte en contacto con el autor de la localización personalizada instalada (mod) o desactívala.";"У вас включена пользовательская локализация. Если некоторые тексты в игре отображаются некорректно, обратитесь к автору установленной пользовательской локализации (мода) или отключите её.";"Masz aktywowane niestandardowe tłumaczenia. Jeśli niektóre teksty gry są przedstawiane nieprawidłowo, skontaktuj się z twórcą niestandardowego tłumaczenie (modyfikacja) lub ją wyłącz.";"Máte povolenou vlastní lokalizaci. Pokud se některé texty ve hře zobrazují nesprávně, kontaktujte autora nainstalované vlastní lokalizace (mod) nebo ji vypněte.";"Özel yerelleştirmeyi etkinleştirdiniz. Eğer oyundaki bazı metinler düzgün görüntülenmiyorsa, yüklü özel yerelleştirmenin (mod) yapımcısıyla iletişime geçin ya da özel yerelleştirmeyi devre dışı bırakın.";"已\t启\t用\t客\t户\t端\t文\t本\t自\t定\t义\t功\t能。\t如\t游\t戏\t内\t部\t分\t文\t本\t未\t正\t常\t显\t示，\t请\t与\t文\t本\t原\t作\t者\t联\t系\t或\t禁\t用\t自\t定\t义\t文\t本。";"ローカライゼーションの\tカスタマイズを\t有効にしました。\tゲーム\t内\tテキストの\t表示に\t誤りがあった\t場合は、\tカスタムローカライゼーション（mod）\tを\tインストールした\t作成者に\t問い\t合わせるか、\t無効に\t設定してください。";"Você ativou a localização personalizada. Se alguns textos do jogo forem exibidos incorretamente, entre em contacto com o autor da localização personalizada instalada (mod) ou desative-a.";"У вас увімкнено користувацьку локалізацію. Якщо деякі тексти в грі відображаються некоректно, зверніться до автора користувацької локалізації (моду), що встановлено, або вимкніть її.";"You have custom localization enabled. If some texts in the game are displayed incorrectly, contact the author of the installed custom localization (mod) or disable it.";"You have custom localization enabled. If some texts in the game are displayed incorrectly, contact the author of the installed custom localization (mod) or disable it.";"사용자 설정 번역이 적용된 상태입니다. 일부 텍스트가 제대로 표시되지 않을 경우, 제작자에게 연락하거나 비활성화하시기 바랍니다.";"У вас включена пользовательская локализация. Если некоторые тексты в игре отображаются некорректно, обратитесь к автору установленной пользовательской локализации (мода) или отключите её.";"You have custom localization enabled. If some texts in the game are displayed incorrectly, contact the author of the installed custom localization (mod) or disable it.";"已\t啟\t用\t客\t戶\t端\t文\t本\t自\t定\t義\t功\t能。 如\t遊\t戲\t內\t部\t分\t文\t字\t未\t正\t常\t顯\t示，\t請\t與\t文\t本\t原\t作\t者\t聯\t絡\t或\t停\t用\t自\t定\t義\t文\t本。";"You have custom localization enabled. If some texts in the game are displayed incorrectly, contact the author of the installed custom localization (mod) or disable it.";"Bạn đã bật tính bản dịch tùy chọn. Nếu một số văn bản trong trò chơi hiển thị không chính xác, hãy liên hệ với tác giả của bản dịch tự chọn (mod) đã cài đặt hoặc tắt nó đi.";;
"mainmenu/aviation";"Aircraft";"Aviation";"Aeronautica";"Luftwaffe";"Aviación";"Авиация";"Samoloty";"Letadla";"Hava Kuvvetleri";"空\t军";"空軍";"Aviação";"Авіація";"Avijacija";"Légierő";"공군";"Авіяцыя";"Avioane";"空\t軍";"空\t军";"Không quân";;
"mainmenu/army";"Ground forces";"Armée";"Esercito";"Heer";"Ejército";"Армия";"Armia";"Vozidla";"Kara Kuvvetleri";"陆\t军";"陸軍";"Exército";"Армія";"Armija";"Hadsereg";"육군";"Войска";"Tancuri";"陸\t軍";"陆\t军";"Lục quân";;
"mainmenu/fleet";"Fleet";"Flotte";"Marina";"Flotte";"Flota";"Флот";"Flota";"Lodě";"Donanma";"海\t军";"海軍";"Frota";"Флот";"Flota";"Flotta";"해군";"Флот";"Nave";"海\t軍";"海\t军";"Hải quân";;
"mainmenu/helicopters";"Helicopters";"Hélicoptères";"Elicotteri";"Hubschrauber";"Helicópteros";"Вертолёты";"Śmigłowce";"Vrtulníky";"Helikopterler";"直\t升\t机";"ヘリコプター";"Helicópteros";"Гелікоптери";"Helikopteri";"Helikopterek";"헬리콥터";"Гелікоптэры";"Elicoptere";"直\t昇\t機";"直\t升\t机";"Trực thăng";;
"mainmenu/boats";"Coastal fleet";"Flotte côtière ";"Flotta Costiera";"Küstenflotte";"Flota costera";"Малый флот";"Flota przybrzeżna";"Pobřežní námořnictvo";"Kıyı filosu";"近\t岸\t海\t军";"海軍（小型艇）";"Frota Costeira";"Малий флот";"Obalna flota";"Part menti flotta";"연안 해군";"Малы флот";"Coastal fleet";"沿\t岸\t艦\t隊";"近\t海\t舰\t队";"Hạm đội ven biển";;
"mainmenu/ships";"Bluewater fleet";"Flotte de haute mer";"Flotta d'Alto Mare";"Hochseeflotte ";"Flota de alta mar";"Большой флот";"Flota pełnomorska";"Oceánské námořnictvo";"Açık deniz filosu";"远\t洋\t海\t军";"海軍（大型艦）";"Frota de Alto-Mar";"Великий флот";"Bluewater fleet";"Kékvízi flotta";"대양 해군";"Вялікі флот";"Bluewater fleet";"遠\t洋\t艦\t隊";"远\t海\t舰\t队";"Hạm đội biển xanh";;
"airLimits/gear_destruction_ind_speed";"Landing gear speed limit (IAS):";"Limite de vitesse de sortie du train (IAS):";"Limite di Velocità per Estendere il Carrello (IAS):";"Max. Fahrwerkausfahrgeschwindigkeit:";"Límite de Velocidad de Extensión del Tren de Aterrizaje (IAS):";"Предельная скорость выпуска шасси (IAS):";"Limit wytrzymałości podwozia (prędkość przyrządowa):";"Omezení rychlosti pro vysunutí podvozku (IAS):";"İniş Takımı Açma Hız Sınırı (IAS):";"最\t大\t带\t起\t落\t架\t速\t度 (表\t速)：";"ランディングギア\t展開時速度制限（IAS）\t：";"Limite de velocidade de abertura do trem de pouso (VLI):";"Обмеження швидкості розвертання шасі (IAS):";"Landing Gear Extension Speed Limit (IAS):";"Landing Gear Extension Speed Limit (IAS):";"착륙 장치 전개 속도 제한 (IAS):";"Предельная скорость выпуска шасси (IAS):";"Landing Gear Extension Speed Limit (IAS):";"最\t大\t帶\t起\t落\t架\t速\t度 (錶\t速)：";"Landing Gear Extension Speed Limit (IAS):";"Giới hạn tốc độ mở rộng càng đáp (IAS):";;
"airLimits/gear_destruction_ind_speed/tooltip";"The indicated air speed (IAS) at which the landing gear can no longer withstand the speed and breaks off.";;;;;;;;;;;;;;;;;;;;;;
"airLimits/flaps_destruction_ind_speed";"Flap speed limit (IAS):";"Limite de vitesse d'extension des volets (IAS):";"Limite di Velocità per Estendere i Flap (IAS):";"Max. Klappenausfahrgeschwindigkeit:";"Límite de Velocidad de Extensión de los Flaps (IAS):";"Предельная скорость выпуска закрылка (IAS):";"Limit wytrzymałości klap (prędkość przyrządowa):";"Omezení rychlosti pro vysunutí klapek (IAS):";"Flap Açma Hız Sınırı (IAS):";"最\t大\t襟\t翼\t操\t作\t速\t度 (表\t速)：";"フラップ\t展開時速度制限（IAS）\t：";"Limite de velocidade de extensão do flap (VLI):";"Обмеження швидкості розвертання закрилків (IAS):";"Flap Extension Speed Limit (IAS):";"Flap Extension Speed Limit (IAS):";"플랩 전개 속도 제한 (IAS):";"Предельная скорость выпуска закрылка (IAS):";"Flap Extension Speed Limit (IAS):";"最\t大\t襟\t翼\t操\t作\t速\t度 (錶\t速)：";"Flap Extension Speed Limit (IAS):";"Giới hạn tốc độ mở rộng cánh tà (IAS):";;
"airLimits/flaps_destruction_ind_speed/tooltip";"The indicated air speed (IAS) at which the flaps can no longer withstand the speed and break off.";;;;;;;;;;;;;;;;;;;;;;
"sony/scea";"The purchase and use of in game items are subject to the Network Terms of Service and User Agreement. This online service has been sublicensed to you by Sony Interactive Entertainment America.";"L'achat et l'utilisation des articles sont soumis aux Conditions d'utilisation et à l'Accord utilisateur de Network. Une sous-licence d'utilisation de ce service en ligne vous a été concédé par Sony Interactive Entertainment America.";"L'acquisto e l'uso degli oggetti di gioco sono soggetti ai termini di Servizio Online e del Contratto Utente. Il servizio online è sotto licenza della Sony Interactive Entertainment America.";"Erwerb und die Nutzung von Inhalten unterliegen den Netzwerk-Nutzungsbedingungen und der Endbenutzervereinbarung. Dieser Online-Service wird Ihnen von Sony Interactive Entertainment America als Unterlizenz zur Verfügung gestellt.";"La compra y uso de artículos están sujetos a los Términos de Servicio y Acuerdo de Usuario de la Network. Una sublicencia de este servicio online le ha sido otorgada por Sony Interactive Entertainment America.";"The purchase and use of in game items are subject to the Network Terms of Service and User Agreement. This online service has been sublicensed to you by Sony Interactive Entertainment America.";"Zakup i użytkowanie przedmiotów gry podlegają Sieciowym Warunkom Świadczenia Usług oraz Umowie Użytkownika. Sony Interactive Entertainment America przyznała prawo do sublicencji tej usługi sieciowej.";"Nákup a používání položek se řídí Síťovými podmínkami služby a Smlouvou s uživatelem. Tato online služba byla sublicencována Sony Interactive Entertainment America.";"Öğelerin satın alınması ve kullanımı Network Hizmet Koşulları ve Kullanıcı Sözleşmesine tabidir. Bu çevrimiçi hizmet Sony Interactive Entertainment America tarafından size alt lisans olarak sağlanmıştır.";"对\t产\t品\t的\t购\t买\t与\t使\t用\t皆\t须\t遵\t从《服\t务\t与\t用\t户\t协\t议\t》\t中\t的\t相\t关\t网\t络\t条\t款。\t用\t户\t所\t享\t受\t的\t在\t线\t服\t务\t也\t已\t经\t过\t美\t国\t索\t尼\t互\t动\t娱\t乐\t的\t再\t授\t权。";"アイテムを\t購入し\t使用することは、\tネットワークサービスの\t利用規約\tユーザーの\t同意の\t対象となります。\tこの\tオンラインサービスは、\tSony Interactive Entertainment Americaによって\t再認可されました。";"A compra e o uso de itens estão sujeitos aos Termos de Serviço e Contrato do Usuário da Rede. Este serviço online foi sublicenciado a você pela Sony Interactive Entertainment America.";"Купівля і використання придбаного контенту підпорядковуються Мережевим Умовам Користування та Погодження Користувача. Цей онлайн сервіс був субліцензійний вам Sony Interactive Entertainment America.";"Kupovina i upotreba proizvoda podležu Uslovima korišćenja u mreži (Network Terms of Service) i Korisničkim ugovorom (User Agreement). Ovaj online servis je podlicenciran za vas od strane Sony Interactive Entertainment America.";"A termékek megvásárlására és használatára a Hálózati Szolgáltatási Feltételek és a Felhasználói Szerződés vonatkozik. Ezt az online szolgáltatást a Sony Interactive Entertainment America engedélyezi a számodra.";"아이템을 구매하고 사용하는 것은 네트워크 서비스 이용약관 및 사용자 동의의 대상입니다. 이 온라인 서비스는 Sony Interactive Entertainment America에 의해 재이용이 허락되었습니다.";"Купля і выкарыстанне прадметаў падпарадкоўваецца ўмовам аказання паслуг і карыстальніцкага пагаднення Sony Entertainment Network. Гэты сеткавы сервіс быў субліцэнзіраваны Sony Computer Entertainment America.";"Achiziționarea și utilizarea articolelor sunt supuse Termenilor și condițiilor rețelei și Acordului utilizatorului. Acest serviciu online a fost sublicențiat ție de către Sony Interactive Entertainment America.";"對\t產\t品\t的\t購\t買\t與\t使\t用\t皆\t須\t遵\t從《服\t務\t與\t用\t戶\t協\t議\t》\t中\t的\t相\t關\t網\t絡\t條\t款。\t用\t戶\t所\t享\t受\t的\t在\t線\t服\t務\t也\t已\t經\t過\t美\t國\t索\t尼\t互\t動\t娛\t樂\t的\t再\t授\t權。";"对\t产\t品\t的\t购\t买\t与\t使\t用\t皆\t须\t遵\t从《服\t务\t与\t用\t户\t协\t议\t》\t中\t的\t相\t关\t网\t络\t条\t款。\t用\t户\t所\t享\t受\t的\t在\t线\t服\t务\t也\t已\t经\t过\t美\t国\t索\t尼\t互\t动\t娱\t乐\t的\t再\t授\t权。";"Mua và sử dụng các mặt hàng phải tuân theo điều khoản dịch vụ mạng và thỏa thuận người dùng. Dịch vụ trực tuyến này đã được nhượng cho bạn bởi Sony Interactive Entertainment Hoa Kỳ.";;
"sony/scee";"Any content purchased in an in-game store will be purchased from Sony Interactive Entertainment Network Europe Limited (“SIENE”) and be subject to PlayStation™Network Terms of Service and User Agreement which is available on the PlayStation™Store. Please check usage rights for each purchase as these may differ from item to item. Unless otherwise shown, content available in any in-game store has the same age rating as the game.";"Tout contenu acheté dans la boutique d'un jeu est acheté à Sony Interactive Entertainment Network Europe Limited (“SIENE”) et est soumis aux Conditions d'utilisation et Accord utilisateur de PlayStation™Network disponibles sur PlayStation™Store. Vérifiez les droits d’utilisation lors de chaque achat car ceux-ci peuvent varier d’un article à l’autre. Sauf indication contraire, la classification du contenu disponible dans la boutique d'un jeu est identique à celle du jeu lui-même.";"Tutti i contenuti acquistati in un negozio in-game saranno acquistati da Sony Interactive Entertainment Network Europe Limited (“SIENE”) e saranno soggetti ai Termini di servizio e alle Condizioni d'uso di PlayStation™Network disponibili su PlayStation™Store. Consulta i diritti d'uso per ogni acquisto effettuato, poiché possono differire in base al contenuto. Se non diversamente specificato, i contenuti disponibili nei negozi in-game sono rivolti ad utenti con la stessa età consigliata per il gioco.";"Alle Inhalte, die in In-Game-Shops käuflich erworben werden, werden von Sony Interactive Entertainment Network Europe Limited (“SIENE”) erworben und unterliegen den Nutzungsbedingungen und der Endbenutzervereinbarung von PlayStation™Network, die über PlayStation™Store eingesehen werden können. Wir empfehlen, die Nutzungsrechte für jedes erworbene Produkt zu überprüfen, da sie sich von Fall zu Fall unterscheiden können. Sofern nicht anders angegeben, gilt für sämtliche Inhalte, die in In-Game-Shops erhältlich sind, dieselbe Altersfreigabe wie für das entsprechende Spiel.";"Cualquier contenido adquirido en una tienda del juego se le comprará a Sony Interactive Entertainment Network Europe Limited (“SIENE”) y estará sujeto a los Términos de servicio / Acuerdo de usuario de PlayStation™Network que está disponible en PlayStation™Store. Le rogamos que compruebe los derechos de uso en cada compra, ya que pueden variar según el producto. A menos que se indique lo contrario, el contenido disponible en una tienda del juego tiene la misma clasificación por edades que el juego.";"Любой товар, приобретенный во внутриигровом магазине, будет являться покупкой у компании Sony Interactive Entertainment Network Europe Limited (“SIENE”) и подчиняться Условиям предоставления услуг PlayStation™Network, с которыми можно ознакомиться в PlayStation™Store. Пожалуйста, ознакомьтесь с правами использования - они могут быть различными для разных продуктов. Если не указано иное, товар в любом внутриигровом магазине имеет ту же возрастную категорию, что и игра.";"Zawartość zakupiona za pośrednictwem sklepu udostępnionego w grze oznacza, że została ona zakupiona od firmy Sony Interactive Entertainment Network Europe Limited (“SIENE”) i podlega Warunkom Świadczenia Usług obowiązującym w sieci PlayStation™Network Terms of Service and User Agreement w sklepie PlayStation™Store. Prawa użytkowania należy sprawdzać przy każdym zakupie, ponieważ mogą one być różne w zależności od pozycji. Jeśli nie zaznaczono inaczej, zawartość dostępna w dowolnym sklepie udostępnionym w grze jest objęta tą samą klasyfikacją co gra.";"Veškerý obsah koupený v obchodě v rámci hry bude zakoupen od Sony Interactive Entertainment Network Europe Limited (dále jen “SIENE”) a podléhá Smluvním podmínkám společnosti PlayStation™Network, které jsou k dispozici na PlayStation™Store. Zkontrolujte práva k použití při každém nákupu, protože se mohou lišit položka od položky. Pokud není uvedeno jinak, obsah dostupný v každém obchodě v rámci hry má stejný věkový rating jako hra.";"Oyun içi mağaza içinden satın alınan tüm içerik Sony Interactive Entertainment Network Europe Limited (""SIENE"") şirketinden satın alınacak olup, PlayStation™Store'da bulunan PlayStation™Network Kullanım Şartları ve Üyelik Sözleşmesi'ne tabidir. Öğeden öğeye farklılık gösterebileceği için lütfen her satın almaya ilişkin kullanım haklarını kontrol edin. Aksi belirtilmediği müddetçe, oyun içi mağazadan satın alınan içerik, oyunla aynı yaş sınıflandırmasına sahiptir.";"在\t游\t戏\t内\t进\t行\t在\t线\t消\t费，\t皆\t将\t通\t过\t索\t尼\t互\t动\t娱\t乐\t欧\t洲\t有\t限\t公\t司\t（Sony Interactive Entertainment Network Europe Limited, ""SIENE""）\t完\t成，\t且\t必\t须\t遵\t从《PlayStation\t™ 服\t务\t与\t用\t户\t协\t议\t》\t中\t的\t相\t关\t网\t络\t条\t款\t（可\t在 PlayStation\t™ 商\t店\t中\t查\t阅）。\t请\t仔\t细\t检\t查\t每\t种\t道\t具\t的\t相\t关\t说\t明。\t除\t非\t特\t别\t标\t注，\t所\t有\t道\t具\t的\t年\t龄\t分\t级\t都\t将\t与\t游\t戏\t本\t身\t一\t致。";"ゲーム\t内\tショップで\t購入したすべての\tコンテンツは、\tSony Interactive Entertainment Network Europe Limited (“SIENE”) から\t購入され、\tPlayStation™Network の\tサービス\t規約および\tPlayStation™Storeで\t利用可能な\t利用承諾書に\t従います。\t アイテムごとに\t使用権利は\t異なりますので、\tそれぞれの\t内容を\t確認してください。\tその\t他については、\tゲーム\t内\tショップで\t使用可能な\tコンテンツは\tゲームと\t同じ\tレーティングを\t受けます。";"Qualquer conteúdo comprado numa loja de jogo é comprado pela Sony Interactive Entertainment Network Europe Limited (“SIENE”) e está sujeito aos Termos de Serviço e Acordo de Utilizador da PlayStation™Network, disponíveis na PlayStation™Store. Verifique os direitos de utilização relativos a cada compra, uma vez que estes podem diferir de um artigo para outro. Salvo o contrário, o conteúdo disponível em qualquer loja de jogo possui a mesma classificação etária que o próprio jogo.";"Будь-який товар, придбаний у внутрішньоігровому магазині, буде покупкою у компанії Sony Interactive Entertainment Network Europe Limited (""SIENE"") і підпадає під дію Умов надання послуг PlayStation™Network, з якими можна ознайомитися в PlayStation™Store. Будь ласка, ознайомтеся з правами використання - вони можуть бути різними для різних продуктів. Якщо не вказано інше, товар в будь-якому внутрішньоігровому магазині має той самий віковий рейтинг, що й гра.";"Svaki sadržaj kupljen u prodavnici igre biće kupljen od Sony Interactive Entertainment Network Europe Limited (“SIENE”) i biće predmet PlayStation™Network, Uslovima usluga u mreži i Korisničkim ugovorom koji se mogu naći na PlayStation™Store. Molimo vas proverite korisnička prava za svaku od kupovina jer se ona mogu menjati u zavisnosti od sadržaja. Ako se drugačije ne navede, sadržaj dostupan u prodavnici ima istu starosnu granicu kao i igra.";"A játékban vásárolt bármely tartalmat a Sony Interactive Entertainment Network Europe Limited (SIENE) szolgáltatja, így azokra a PlayStation™Network hálózati szolgáltatási feltételei és felhasználói szerződése vonatkozik, melyek a PlayStation™Store-ban elérhetők. Minden egyes vásárlás során ellenőrizd a felhasználási jogokat, ugyanis azok tételről tételre eltérők lehetnek. Ha az másképp nincs jelezve, a játékon belüli boltban elérhető tartalmak korhatár-besorolása megegyezik a játékéval.";"게임 내 상점에서 구매하는 모든 콘텐츠는 Sony Interactive Entertainment Network Europe Limited (“SIENE”)에서 구매하는 것으로 취급되며 PlayStation™Store에서 제공되는 아이템은 PlayStation™Network 서비스 및 사용자 계약의 적용을 받습니다. 아이템별로 사용 권한이 다를 수 있으므로 각 구매에 대한 사용 권한을 확인하십시오. 특별히 표시된 것 외의 게임 내 스토어에서 이용할 수 있는 콘텐츠는 게임과 같은 연령 등급을 가지고 있습니다.";"Любы тавар, куплены ва ўнутрагульнявой краме, будзе лічыцца купленым у Sony Network Entertainment Europe Limited («SNEE») і падпарадкоўвацца Умовам аказання паслуг Sony Entertainment Network, з якімі можна азнаёміцца ў PlayStation®Store. Азнаёмцеся з правамі выкарыстання — яны могуць адрознівацца ў розных прадуктаў. Калі не заяўлена іншае, тавар ў любой унутрагульнявой краме мае тую самую ўзроставую катэгорыю, што і гульня.";"Orice conținut achiziționat într-un magazin din cadrul jocului va fi achiziționat de la Sony Interactive Entertainment Network Europe Limited (“SIENE”) și va fi supus Termenilor și condițiilor PlayStation™Network și Acordului utilizatorului care este disponibil pe PlayStation™Store. Verifică drepturile de utilizare pentru fiecare achiziție, deoarece acestea pot diferi de la un articol la altul. Dacă nu este altfel prezentat, conținutul disponibil în orice magazin din joc are aceeași evaluare de vârstă ca și cea a jocului.";"在\t遊\t戲\t內\t進\t行\t在\t線\t消\t費，\t皆\t將\t通\t過\t索\t尼\t互\t動\t娛\t樂\t歐\t洲\t有\t限\t公\t司\t（Sony Interactive Entertainment Network Europe Limited, ""SIENE""）\t完\t成，\t且\t必\t須\t遵\t從《PlayStation\t™ 服\t務\t與\t用\t戶\t協\t議\t》\t中\t的\t相\t關\t網\t絡\t條\t款\t（可\t在\tPlayStation ™ 商\t店\t中\t查\t閱）。\t請\t仔\t細\t檢\t查\t每\t種\t道\t具\t的\t相\t關\t說\t明。\t除\t非\t特\t別\t標\t註，\t所\t有\t道\t具\t的\t年\t齡\t分\t級\t都\t將\t與\t遊\t戲\t本\t身\t一\t致。";"在\t游\t戏\t内\t进\t行\t在\t线\t消\t费，\t皆\t将\t通\t过\t索\t尼\t互\t动\t娱\t乐\t欧\t洲\t有\t限\t公\t司\t（Sony Interactive Entertainment Network Europe Limited, ""SIENE""）\t完\t成，\t且\t必\t须\t遵\t从《PlayStation\t™ 服\t务\t与\t用\t户\t协\t议\t》\t中\t的\t相\t关\t网\t络\t条\t款\t（可\t在 PlayStation\t™ 商\t店\t中\t查\t阅）。\t请\t仔\t细\t检\t查\t每\t种\t道\t具\t的\t相\t关\t说\t明。\t除\t非\t特\t别\t标\t注，\t所\t有\t道\t具\t的\t年\t龄\t分\t级\t都\t将\t与\t游\t戏\t本\t身\t一\t致。";"Bất kỳ vật phẩm nào mua ở một cửa hàng trong trò chơi sẽ được mua từ Sony Interactive Entertainment Network Europe Limited (“SIENE”) và phải tuân theo điều khoản dịch vụ và thỏa thuận của người dùng của PlayStation™Network rằng có thể mở trên PlayStation™Store. Vui lòng kiểm tra quyền sử dụng cho vật phẩm định mua vì mỗi vật phẩm sẽ khác nhau. Trừ khi thông tin khác được hiển thị, vật phẩm có thể mua ở bất kỳ cửa hàng trong trò chơi nào đều sẽ có xếp hạng tuổi như trong trò chơi.";;
"ps4/invitation/squad/name";"Squad Invitation";"Invitation à rejoindre l'escouade";"Invito al Plotone";"Staffel-Einladung";"Invitación al escuadrón";"Приглашение в отряд";"Zaproszenie do oddziału";"Pozvánka do skupiny";"Manga Daveti";"组\t队\t邀\t请";"分隊に\t招待";"Convite para Esquadrilha";"Запрошення до загону.";"Poziv u odred";"Meghívás osztagba.";"편대로 초대하기";"Запрашэнне ў атрад";"Invitație în detașament";"小\t隊\t邀\t請";"组\t队\t邀\t请";"Lời mời tổ đội";;
"ps4/invitation/squad/detail";"Invitation to a squad in War Thunder.";"Invitation à rejoindre l'escouade dans War Thunder.";"Invito al plotone in War Thunder.";"Du hast eine Einladung zu einer Staffel in War Thunder erhalten.";"Invitación al escuadrón en War Thunder.";"Приглашение в отряд в War Thunder.";"Zaproszenie do oddziału w War Thunder.";"Pozvánka do skupiny ve War Thunderu";"Bir War Thunder mangasına davet.";"接\t收\t到 War Thunder 的\t组\t队\t邀\t请。";"War Thunder 分隊に\t招待します。";"Convite para Esquadrilha no War Thunder.";"Запрошення у загін в War Thunder.";"Poziv u odred u War Thunder-u.";"Meghívás osztagba a War Thunderben.";"워썬더 편대에 초대하기";"Запрашэнне ў атрад у War Thunder.";"Invitație în detașament în War Thunder.";"收\t到\t戰\t爭\t雷\t霆\t的\t小\t隊\t邀\t請";"收\t到\t战\t争\t雷\t霆\t小\t队\t的\t组\t队\t邀\t请";"Mời vào tổ đội trong War Thunder.";;
"ps4/invitation/gameStart/name";"Invitation to play War Thunder";"Invitation pour jouer à War Thunder";"Invito a giocare a War Thunder";"Einladung zu War Thunder";"Invitación a War Thunder";"Приглашение в War Thunder.";"Zaproszenie do gry w War Thunder";"Pozvánka do War Thunderu";"War Thunder oynamaya davet";"War thunder 的\t游\t戏\t邀\t请";"War Thunder への\t招待";"Convite para jogar War Thunder";"Запрошення до War Thunder";"Pozivnica u War Thunder";"Meghívás a War Thunderbe.";"워썬더 초대";"Запрашэнне ў гульню War Thunder.";"Invitație în Thunder War";"War thunder 的\t遊\t戲\t邀\t請";"收\t到\t游\t戏\t邀\t请";"Mời bạn chơi cùng War Thunder";;
"ps4/invitation/gameStart/detail";"You have been invited to play War Thunder.";"Vous avez été invité à jouer à War Thunder.";"Sei stato invitato a giocare a War Thunder.";"Du wurdest zu War Thunder eingeladen.";"Has sido invitado a War Thunder.";"Вас пригласили в War Thunder";"Otrzymałeś zaproszenie do War Thunder.";"Máš pozvánku ke hraní War Thunderu";"War Thunder oynamaya davet edildiniz.";"收\t到 War Thunder 的\t游\t戏\t邀\t请";"War Thunder に\t招待されています。";"Você foi convidado para jogar War Thunder.";"Ви були запрошені до War Thunder.";"Pozvan si u War Thunder.";"Meghívtak a War Thunderbe.";"당신은 워썬더에 초대받으셨습니다.";"Вас запрасілі ў War Thunder";"Ai fost invitat în War Thunder.";"收\t到\t戰\t爭\t雷\t霆\t的\t遊\t戲\t邀\t請";"收\t到《战\t争\t雷\t霆\t》\t的\t游\t戏\t邀\t请";"Bạn đã được mời tham gia chơi War Thunder.";;
"ps4/session/squad";"My Squad.";"Mon escadron.";"Il mio Plotone";"Meine Staffel.";"Mi Escuadrón.";"Мой отряд.";"Mój Dywizjon.";"Má skupina";"Mangam";"我\t的\t小\t队。";"所属部隊";"Meu esquadrão.";"Мій загін.";"Moj odred";"Osztagom.";"내 편대";"Мой звяз.";"Detașamentul meu.";"我\t的\t小\t隊";"我\t的\t小\t队。";"Tổ đội của tôi.";;
